Random Set,KK,RR,RR Time,RR Partition,RR Partition Time,Hill Climb,HC Time,HC Partition,HC Partition Time,Simulated Annealing,Sim Anneal Time,SimAnneal Partition,SimAnneal Partition Time
0,355574,9.499999999999786e-05,44636592,4.9111199999999995,264,7.764697999999999,5532076,0.8039939999999994,374,3.1189259999999983,3160290,0.9998409999999964,134,2.964945
1,168540,0.0001829999999998222,18013416,4.285410999999996,450,7.359071999999998,2687994,0.8027919999999966,424,2.8775479999999902,40201218,0.8433109999999999,5402,2.955910000000003
